{
  "$schema": "http://json-schema.org/draft-07/schema",
  "$id": "SchematicsAngularServiceWorker",
  "title": "Angular Service Worker Options Schema",
  "type": "object",
  "additionalProperties": false,
  "description": "Pass this schematic to the \"run\" command to create a service worker",
  "properties": {
    "project": {
      "type": "string",
      "description": "The name of the project.",
      "$default": {
        "$source": "projectName"
      }
    },
    "target": {
      "type": "string",
      "description": "The target to apply service worker to.",
      "default": "build"
    }
  },
  "required": ["project"]
}
